# Name, Type, SubType, Offset, Size, Flags
# 16 MB Zigbee ZCZR + LittleFS. Scaled from Arduino zigbee_zczr_8MB.csv.
# Flash end: 0x1000000
nvs,        data, nvs,      0x9000,   0x5000,
otadata,    data, ota,      0xe000,   0x2000,
app0,       app,  ota_0,    0x10000,  0x400000,
app1,       app,  ota_1,    0x410000, 0x400000,
spiffs,     data, spiffs,   0x810000, 0x7DA000,
zb_storage, data, fat,      0xFEA000, 0x4000,
zb_fct,     data, fat,      0xFEE000, 0x1000,
rcp_fw,     data, spiffs,   0xFEF000, 0x1000,
coredump,   data, coredump, 0xFF0000, 0x10000,
